threshold,fpr,tpr,precision,recall
0.32847893367106495,0.0,0.0,0.4964237386429538,1.0
0.3290268135591714,0.0,0.002596053997923157,0.49645572883103495,1.0
0.33030070229881275,0.0,0.0028556593977154725,0.49648772314236,1.0
0.3329081850787038,0.0,0.003115264797507788,0.4965197215777262,1.0
0.33295148553891624,0.0,0.0033748701973001036,0.496551724137931,1.0
0.3340595749464496,0.0,0.0036344755970924196,0.49658373082377205,1.0
0.3358608277077762,0.0,0.004023883696780893,0.49661574163604716,1.0
0.3376453281772069,0.0,0.004283489096573208,0.49664775657555443,1.0
0.3384131682456368,0.0,0.011682242990654205,0.496679775643092,1.0
0.3388968962227954,0.0,0.011941848390446522,0.49671179883945843,1.0
0.3396458220479711,0.0,0.04257528556593977,0.4967438261654523,1.0
0.3422774262759743,0.0,0.042834890965732085,0.4967758576218726,1.0
0.3423461742012882,0.0,0.04867601246105919,0.4968078932095183,1.0
0.3425838234142618,0.0,0.04893561786085151,0.4968399329291887,1.0
0.34263788456463856,0.0,0.0745067497403946,0.4968719767816833,1.0
0.3441992367306901,0.0,0.07476635514018691,0.4969040247678019,1.0
0.34447494656292404,0.0,0.07489615784008308,0.4969360768883442,1.0
0.34455842268196896,0.0,0.07515576323987538,0.4969681331441104,1.0
0.3446138504106373,0.0,0.07762201453790239,0.4970001935359009,1.0
0.34497079455173607,0.0,0.0778816199376947,0.4970322580645161,1.0
0.3455244052369974,0.0,0.0828141225337487,0.49706432673075684,1.0
0.3458055019777664,0.0,0.08307372793354102,0.49709639953542395,1.0
0.34584428487285646,0.0,0.0911214953271028,0.49712847647931857,1.0
0.3459387421023596,0.0,0.09138110072689512,0.4971605575632421,1.0
0.3465568406203958,0.0,0.09306853582554517,0.49719264278799613,1.0
0.34685357682720597,0.0,0.09332814122533749,0.49722473215438234,1.0
0.3468927155030146,0.0,0.0976116303219107,0.49725682566320273,1.0
0.3471489193365205,0.0,0.09787123572170302,0.4972889233152595,1.0
0.34738667791753125,0.0,0.09903946002076844,0.49732102511135495,1.0
0.3476769055293684,0.0,0.09929906542056074,0.4973531310522918,1.0
0.34817859796015477,0.0,0.10124610591900311,0.4973852411388727,1.0
0.34818999181881,0.0,0.10150571131879543,0.49741735537190085,1.0
0.3483029929514716,0.0,0.10981308411214953,0.49744947375217924,1.0
0.3483399514930724,0.0,0.11007268951194185,0.4974815962805114,1.0
0.3490167174355578,0.0,0.1133177570093458,0.497513722957701,1.0
0.34907543945276354,0.0,0.11370716510903427,0.4975458537845518,1.0
0.3491752352573972,0.0,0.11409657320872274,0.4975779887618679,1.0
0.34924092230940357,0.0,0.11435617860851506,0.49761012789045345,1.0
0.3493641321640165,0.0,0.11799065420560748,0.497642271171113,1.0
0.3497120997136896,0.0,0.1182502596053998,0.49767441860465117,1.0
0.34999781780844474,0.0,0.11838006230529595,0.49770657019187287,1.0
0.3503283628292563,0.0,0.11863966770508827,0.49773872593358315,1.0
0.3504058225018872,0.0,0.11902907580477674,0.4977708858305873,1.0
0.35080056483345884,0.0,0.11928868120456905,0.4978030498836909,1.0
0.350914304110668,0.0,0.12136552440290758,0.4978352180936995,1.0
0.3510562151044547,0.0,0.12162512980269989,0.49786739046141915,1.0
0.35110309844798177,0.0,0.12227414330218069,0.4978995669876559,1.0
0.3512316338472776,0.0,0.122533748701973,0.49793174767321613,1.0
0.35126788311085105,0.0,0.12474039460020768,0.49796393251890636,1.0
0.3519448663097217,0.0,0.125,0.4979961215255333,1.0
0.352351795318458,0.0,0.1256490134994808,0.49802831469390396,1.0
0.3524696924526804,0.0,0.1259086188992731,0.49806051202482543,1.0
0.35249018374878577,0.0,0.12694704049844235,0.49809271351910517,1.0
0.35270650603608167,0.0,0.1272066458982347,0.49812491917755075,1.0
0.3529374390799518,0.0,0.13655244029075805,0.4981571290009699,1.0
0.35328402479043747,0.0,0.13681204569055036,0.4981893429901707,1.0
0.3533390944971144,0.0,0.137331256490135,0.49822156114596133,1.0
0.353425636105122,0.0,0.1375908618899273,0.49825378346915017,1.0
0.3534508889093966,0.0,0.1394080996884735,0.4982860099605459,1.0
0.3535690025000771,0.0,0.13966770508826584,0.4983182406209573,1.0
0.35361904551530177,0.0,0.14122533748701974,0.4983504754511935,1.0
0.35405398494899926,0.0,0.14148494288681204,0.49838271445206367,1.0
0.35431461912921525,0.0,0.14265316718587748,0.4984149576243773,1.0
0.3546098450455626,0.0,0.14291277258566978,0.4984472049689441,1.0
0.35470193974280123,0.0,0.14434060228452752,0.49847945648657394,1.0
0.35479407312864614,0.0,0.14460020768431983,0.4985117121780769,1.0
0.3549230911479893,0.0,0.14563862928348908,0.49854397204426326,1.0
0.35514414210802264,0.0,0.14589823468328142,0.4985762360859436,1.0
0.3555114862948634,0.0,0.14758566978193147,0.49860850430392856,1.0
0.3555522090255822,0.0,0.14784527518172377,0.4986407766990291,1.0
0.3556972688456006,0.0,0.15005192107995846,0.49867305327205647,1.0
0.3558448667127997,0.0,0.15031152647975077,0.49870533402382183,1.0
0.3559137608710509,0.0,0.15342679127725856,0.4987376189551369,1.0
0.35602171712036174,0.0,0.1536863966770509,0.4987699080668134,1.0
0.3560840847041289,0.0,0.1539460020768432,0.4988022013596633,1.0
0.35619051366355325,0.0,0.1542056074766355,0.4988344988344988,1.0
0.356533051453599,0.0,0.15758047767393563,0.49886680049213233,1.0
0.35655514693116386,0.0,0.15784008307372793,0.49889910633337653,1.0
0.35668822851218324,0.0,0.16147455867082036,0.4989314163590441,1.0
0.3567684389037069,0.0,0.16173416407061267,0.4989637305699482,1.0
0.35682298227443465,0.0,0.16575804776739356,0.49899604896690203,1.0
0.3568741090808075,0.0,0.1660176531671859,0.499028371550719,1.0
0.356877763555524,0.0,0.1770508826583593,0.4990606983222129,1.0
0.356958549617264,0.0,0.17744029075804776,0.49909302928219745,1.0
0.35708259496980604,0.0,0.1838006230529595,0.49912536443148686,1.0
0.35733225335164587,0.0,0.18406022845275183,0.4991577037708954,1.0
0.3575225537836125,0.0,0.18509865005192108,0.4991900473012376,1.0
0.35780253427749836,0.0,0.1853582554517134,0.49922239502332816,1.0
0.35796875926109495,0.0,0.19003115264797507,0.499254746937982,1.0
0.3584700025221106,0.0,0.1902907580477674,0.49928710304601426,1.0
0.3585402609887477,0.0,0.1963914849428868,0.49931946334824034,1.0
0.3585446544916231,0.0,0.19665109034267914,0.49935182784547577,1.0
0.3588045525075146,0.0,0.20015576323987538,0.49938419653853633,1.0
0.35892418454951386,0.0,0.20041536863966772,0.49941656942823803,1.0
0.3589534617453968,0.0,0.21170820353063344,0.49944894651539706,1.0
0.3591162995870893,0.0,0.21196780893042574,0.4994813278008299,1.0
0.35912320550047244,0.0,0.21287642782969884,0.49951371328535304,1.0
0.35918543984192297,0.0,0.21313603322949118,0.4995461029697834,1.0
0.35928381930853603,0.0,0.21339563862928349,0.49957849685493805,1.0
0.35932581665077706,0.0,0.21378504672897197,0.49961089494163424,1.0
0.35933818713376137,0.0,0.21599169262720663,0.4996432972306894,1.0
0.3594963890715964,0.0,0.21625129802699897,0.49967570372292125,1.0
0.35955076426621946,0.0,0.22183281412253375,0.4997081144191477,1.0
0.35958443435296406,0.0,0.22209241952232606,0.4997405293201868,1.0
0.3596487917524611,0.0,0.22365005192107995,0.49977294842685693,1.0
0.35966561525440693,0.0,0.22390965732087229,0.49980537173997663,1.0
0.36031584307979275,0.0,0.22650571131879543,0.49983779926036465,1.0
0.36037691781947573,0.0,0.22676531671858774,0.49987023098883987,1.0
0.360492425735915,0.0,0.2370197300103842,0.49990266692622154,1.0
0.3605227103092267,0.0,0.23727933541017654,0.499935107073329,1.0
0.3611415852593986,0.0,0.23883696780893043,0.49996755143098187,1.0
0.36144157007660394,0.0,0.23909657320872274,0.5,1.0
0.36167534063405476,0.0,0.25116822429906543,0.5000324527812033,1.0
0.36181763187813754,0.0,0.25142782969885774,0.5000649097754122,1.0
0.36183176525329663,0.0,0.2536344755970924,0.500097370983447,1.0
0.36188358047978425,0.0,0.2538940809968847,0.5001298364061283,1.0
0.36190034082283695,0.0,0.25752855659397716,0.5001623060442771,1.0
0.3621255330499356,0.0,0.2579179646936656,0.5001947798987144,1.0
0.362385350036596,0.0,0.25960539979231567,0.5002272579702617,1.0
0.3625362230991226,0.0,0.259865005192108,0.5002597402597403,1.0
0.362669366893704,0.0,0.2602544132917965,0.5002922267679719,1.0
0.3627185279001456,0.0,0.2605140186915888,0.5003247174957787,1.0
0.3631114533232531,0.0,0.26765316718587745,0.5003572124439826,1.0
0.363305732143979,0.0,0.26791277258566976,0.5003897116134061,1.0
0.3636351204992886,0.0,0.2712876427829699,0.5004222150048717,1.0
0.36373758360469305,0.0,0.2715472481827622,0.5004547226192023,1.0
0.3639021005328719,0.0,0.2769989615784008,0.5004872344572208,1.0
0.3640976032454186,0.0,0.2772585669781931,0.5005197505197505,1.0
0.36413425388972265,0.0,0.29205607476635514,0.5005522708076149,1.0
0.3642050988104768,0.0,0.29231568016614745,0.5005847953216375,1.0
0.36490778151865144,0.0,0.30062305295950154,0.5006173240626421,1.0
0.3649283736694082,0.0,0.3008826583592939,0.500649857031453,1.0
0.3650343249861547,0.0,0.3058151609553479,0.5006823942288945,1.0
0.3652262431842435,0.0,0.3060747663551402,0.500714935655791,1.0
0.36562631949986896,0.0,0.31412253374870197,0.5007474813129672,1.0
0.3656302461898481,0.0,0.3143821391484943,0.500780031201248,1.0
0.36569081258882524,0.0,0.31568016614745587,0.5008125853214588,1.0
0.36581950399677027,0.0,0.31593977154724817,0.5008451436744247,1.0
0.36594222205666604,0.0,0.320742471443406,0.5008777062609713,1.0
0.36604431697597745,0.0,0.3211318795430945,0.5009102730819246,1.0
0.36633063563953083,0.0,0.32437694704049846,0.5009428441381104,1.0
0.3664428542215185,0.0,0.32463655244029077,0.5009754194303551,1.0
0.366611168670201,0.0,0.32528556593977154,0.5010079989594849,1.0
0.3667494832560094,0.0,0.32554517133956384,0.5010405827263268,1.0
0.36691331365418806,0.0,0.32567497403946,0.5010731707317073,1.0
0.3670998363441012,0.0,0.32593457943925236,0.5011057629764537,1.0
0.36725027743942057,0.0,0.32749221183800625,0.5011383594613934,1.0
0.36727613640759654,0.0,0.32775181723779856,0.5011709601873536,1.0
0.3672868229052725,0.0,0.3307372793354102,0.5012035651551623,1.0
0.3673268804770014,0.0,0.3309968847352025,0.5012361743656474,1.0
0.3675463566366991,0.0,0.33346313603322947,0.5012687878196369,1.0
0.36769144501266426,0.0,0.33372274143302183,0.5013014055179594,1.0
0.3678537932690045,0.0,0.3393042575285566,0.5013340274614434,1.0
0.36788271888403135,0.0,0.33969366562824505,0.5013666536509176,1.0
0.36794663218261514,0.0,0.34527518172377986,0.5013992840872112,1.0
0.3679929575911234,0.0,0.34553478712357216,0.5014319187711533,1.0
0.36805154412869073,0.0,0.3647455867082035,0.5014645577035736,1.0
0.3680874719492078,0.0,0.36500519210799587,0.5014972008853014,1.0
0.36809056446579824,0.0,0.36773104880581514,0.5015298483171668,1.0
0.3681672358050227,0.0,0.3679906542056075,0.5015625,1.0
0.3683483175800735,0.0,0.4057632398753894,0.5015951559346311,1.0
0.36857494352363457,0.0,0.40602284527518173,0.5016278161218909,1.0
0.3686355786906892,0.0,0.42834890965732086,0.5016604805626099,1.0
0.36878207901642557,0.0,0.4287383177570093,0.5016931492576192,1.0
0.36886155396163217,0.0,0.4392523364485981,0.50172582220775,1.0
0.36903538781783546,0.0,0.43951194184839043,0.5017584994138335,1.0
0.36924150166222924,0.0,0.4498961578400831,0.5017911808767016,1.0
0.36930839370283924,0.0,0.4501557632398754,0.501823866597186,1.0
0.36948095651237683,0.0,0.46002076843198336,0.5018565565761188,1.0
0.3697604915215896,0.0,0.4604101765316719,0.5018892508143322,1.0
0.36981612458781643,0.0,0.4858515057113188,0.5019219493126588,1.0
0.36982959362997325,0.0,0.4863707165109034,0.5019546520719312,1.0
0.3699004822728312,0.0,0.487668743509865,0.5019873590929823,1.0
0.3703951620908303,0.0,0.4879283489096573,0.5020200703766454,1.0
0.37041376259264897,0.0,0.4916926272066459,0.5020527859237537,1.0
0.3705113357771789,0.0,0.4919522326064382,0.5020855057351408,1.0
0.37063580802645957,0.0,0.49545690550363447,0.5021182298116404,1.0
0.3706599301919076,0.0,0.4957165109034268,0.5021509581540868,1.0
0.37068561943519196,0.0,0.5010384215991692,0.502183690763314,1.0
0.3707385877024127,0.0,0.5012980269989615,0.5022164276401565,1.0
0.37096472940355923,0.0,0.5301142263759087,0.5022491687854489,1.0
0.3713357267487754,0.0,0.530373831775701,0.5022819142000261,1.0
0.3713395623939725,0.0,0.5368639667705088,0.5023146638847232,1.0
0.3713549293694066,0.0,0.5371235721703012,0.5023474178403756,1.0
0.3715382077216929,0.0,0.5382917964693665,0.5023801760678187,1.0
0.3716134840927906,0.0,0.5385514018691588,0.5024129385678884,1.0
0.37172051451214166,0.0,0.5430944963655244,0.5024457053414204,1.0
0.37189709283675493,0.0,0.5433541017653167,0.5024784763892512,1.0
0.37220891328703526,0.0,0.547767393561786,0.5025112517122171,1.0
0.3722358248920956,0.0,0.5480269989615784,0.5025440313111545,1.0
0.3724416313454975,0.0,0.5514018691588785,0.5025768151869007,1.0
0.37245842200102763,0.0,0.5516614745586709,0.5026096033402923,1.0
0.37250523955016934,0.0,0.5572429906542056,0.5026423957721667,1.0
0.37250974085929695,0.0,0.5575025960539979,0.5026751924833616,1.0
0.3727485906224377,0.0,0.5730789200415368,0.5027079934747145,1.0
0.3728388458986938,0.0,0.5733385254413291,0.5027407987470635,1.0
0.3729770887695987,0.0,0.5755451713395638,0.5027736083012465,1.0
0.3730448724098792,0.0,0.5758047767393562,0.5028064221381021,1.0
0.3732536428893508,0.0,0.5816458982346833,0.5028392402584688,1.0
0.3734289757271666,0.0,0.5819055036344756,0.5028720626631854,1.0
0.37351008004317043,0.0,0.5882658359293873,0.502904889353091,1.0
0.3735580655592788,0.0,0.5885254413291796,0.5029377203290247,1.0
0.3735620090723458,0.0,0.6144859813084113,0.5029705555918261,1.0
0.37375004489949687,0.0,0.6147455867082036,0.5030033951423348,1.0
0.373786139609388,0.0,0.6169522326064382,0.5030362389813908,1.0
0.3738035828374471,0.0,0.6172118380062306,0.5030690871098341,1.0
0.37406036737281434,0.0,0.617601246105919,0.5031019395285052,1.0
0.37419294044197654,0.0,0.6178608515057114,0.5031347962382445,1.0
0.374211481201107,0.0,0.622533748701973,0.5031676572398929,1.0
0.37439211179217874,0.0,0.6227933541017653,0.5032005225342913,1.0
0.3744815607965509,0.0,0.6305815160955348,0.503233392122281,1.0
0.37471060463158906,0.0,0.6308411214953271,0.5032662660047035,1.0
0.3747558363378603,0.0,0.6370716510903427,0.5032991441824002,1.0
0.37477327946488453,0.0,0.637331256490135,0.5033320266562132,1.0
0.3748743143682543,0.0,0.6444704049844237,0.5033649134269846,1.0
0.37492299165152065,0.0,0.644730010384216,0.5033978044955567,1.0
0.3749918058234471,0.0,0.6478452751817237,0.503430699862772,1.0
0.37517216495838646,0.0,0.648104880581516,0.5034635995294733,1.0
0.3752684793826292,0.0,0.6488836967808931,0.5034965034965035,1.0
0.3753049857686813,0.0,0.6491433021806854,0.5035294117647059,1.0
0.375306820132895,0.0,0.6492731048805815,0.5035623243349239,1.0
0.3754001610501621,0.0,0.6495327102803738,0.503595241208001,1.0
0.375429219921602,0.0,0.6568016614745587,0.5036281623847814,1.0
0.37545569256338523,0.0,0.657061266874351,0.5036610878661087,1.0
0.37549575324748247,0.0,0.6606957424714434,0.5036940176528277,1.0
0.37549872097000503,0.0,0.6609553478712358,0.5037269517457826,1.0
0.37555520697303224,0.0,0.6799065420560748,0.5037598901458183,1.0
0.37565046796511914,0.0,0.6801661474558671,0.5037928328537797,1.0
0.3756723316432819,0.0,0.6830218068535826,0.503825779870512,1.0
0.3757854032869821,0.0,0.6834112149532711,0.5038587311968606,1.0
0.3757918285841835,0.0,0.6861370716510904,0.5038916868336712,1.0
0.3758406841290622,0.0,0.6863966770508827,0.5039246467817896,1.0
0.3758450632398979,0.0,0.6930166147455867,0.5039576110420619,1.0
0.37591622050031565,0.0,0.693276220145379,0.5039905796153343,1.0
0.3760187249817544,0.0,0.7035306334371755,0.5040235525024533,1.0
0.37604693431512815,0.0,0.7037902388369678,0.504056529704266,1.0
0.376159716264232,0.0,0.7040498442367601,0.5040895112216188,1.0
0.376171426996857,0.0,0.7043094496365524,0.5041224970553593,1.0
0.37617313575007627,0.0,0.7080737279335411,0.5041554872063346,1.0
0.3761930440444041,0.0,0.7083333333333334,0.5041884816753927,1.0
0.376228000790035,0.0,0.7140446521287642,0.5042214804633811,1.0
0.3763992260296369,0.0,0.7144340602284528,0.5042544835711481,1.0
0.3764077140928785,0.0,0.7232606438213914,0.5042874909995418,1.0
0.3764341270436342,0.0,0.7235202492211839,0.5043205027494109,1.0
0.37647243310577966,0.0,0.7320872274143302,0.504353518821604,1.0
0.37650524117255,0.0,0.7323468328141225,0.50438653921697,1.0
0.37650708844326475,0.0,0.7476635514018691,0.5044195639363582,1.0
0.3767355869767384,0.0,0.7479231568016614,0.5044525929806182,1.0
0.3768417764171011,0.0,0.7497403946002077,0.5044856263505991,1.0
0.37690276772741627,0.0,0.7501298026998962,0.5045186640471513,1.0
0.37692798457246174,0.0,0.7520768431983386,0.5045517060711245,1.0
0.37695700838203805,0.0,0.7523364485981309,0.5045847524233691,1.0
0.37705970830434116,0.0,0.7567497403946002,0.5046178031047357,1.0
0.37707241455071233,0.0,0.7570093457943925,0.5046508581160749,1.0
0.37709568116255615,0.0,0.764797507788162,0.5046839174582378,1.0
0.37715853372890884,0.0,0.7650571131879543,0.5047169811320755,1.0
0.37722795644404744,0.0,0.7727154724818276,0.5047500491384393,1.0
0.37724515168419287,0.0,0.7729750778816199,0.504783121478181,1.0
0.377507627317913,0.0,0.7775181723779855,0.5048161981521525,1.0
0.37758097191078044,0.0,0.7777777777777778,0.5048492791612058,1.0
0.37767025926434117,0.0,0.7798546209761164,0.5048823645061931,1.0
0.37770624639660333,0.0,0.7801142263759087,0.504915454187967,1.0
0.377726287432572,0.0,0.7805036344755971,0.5049485482073802,1.0
0.3777478012941205,0.0,0.7807632398753894,0.5049816465652858,1.0
0.37778030177379573,0.0,0.7815420560747663,0.5050147492625369,1.0
0.37780215276458257,0.0,0.7818016614745587,0.5050478562999869,1.0
0.37781201571855866,0.0,0.7824506749740394,0.5050809676784894,1.0
0.3778256449842356,0.0,0.7827102803738317,0.5051140833988985,1.0
0.37783583805701787,0.0,0.7834890965732088,0.5051472034620681,1.0
0.37784346178390227,0.0,0.7837487019730011,0.5051803278688525,1.0
0.3779152494923578,0.0,0.7972481827622014,0.5052134566201062,1.0
0.37794440272626745,0.0,0.7975077881619937,0.5052465897166841,1.0
0.3780051449659285,0.0,0.8015316718587746,0.5052797271594412,1.0
0.37804997670915896,0.0,0.801791277258567,0.5053128689492326,1.0
0.37807204734789174,0.0,0.8287902388369678,0.5053460150869138,1.0
0.37809707718538427,0.0,0.8290498442367601,0.5053791655733403,1.0
0.3781047701541642,0.0,0.8312564901349948,0.5054123204093682,1.0
0.37811303420962983,0.00012795905310300704,0.8312564901349948,0.5054454795958535,1.0
0.3781580703521961,0.00012795905310300704,0.8326843198338525,0.5054786431336526,1.0
0.37816901586751145,0.00012795905310300704,0.8329439252336449,0.5055118110236221,1.0
0.3781882865189947,0.0002559181062060141,0.8329439252336449,0.5055449832666186,1.0
0.3782242260407647,0.0002559181062060141,0.8337227414330218,0.5055781598634992,1.0
0.37823989692012105,0.0002559181062060141,0.8339823468328141,0.505611340815121,1.0
0.3782431422680197,0.0002559181062060141,0.8556593977154725,0.5056445261223418,1.0
0.3782936143548755,0.00038387715930902113,0.8556593977154725,0.505677715786019,1.0
0.3783297353558796,0.00038387715930902113,0.8635773624091381,0.5057109098070106,1.0
0.37834912918809277,0.00038387715930902113,0.8638369678089304,0.5057441081861748,1.0
0.3783746445992773,0.00038387715930902113,0.868380062305296,0.5057773109243697,1.0
0.37840582612811713,0.00038387715930902113,0.8686396677050883,0.5058105180224542,1.0
0.3784563947077669,0.00038387715930902113,0.8934319833852544,0.505843729481287,1.0
0.37860239531618006,0.00038387715930902113,0.8936915887850467,0.505876945301727,1.0
0.3786635183281496,0.00038387715930902113,0.8994029075804777,0.5059101654846335,1.0
0.37875517283012217,0.00038387715930902113,0.89966251298027,0.5059766189412847,1.0
0.3787778094148266,0.00038387715930902113,0.9030373831775701,0.5060098522167488,1.0
0.37880470470899824,0.00038387715930902113,0.9032969885773624,0.5060430898581187,1.0
0.3788164462347327,0.00038387715930902113,0.9064122533748702,0.506076331866255,1.0
0.37882919567725926,0.00038387715930902113,0.9066718587746625,0.5061095782420181,1.0
0.3788956599558115,0.00038387715930902113,0.930944963655244,0.5061428289862689,1.0
0.37890334306065865,0.00038387715930902113,0.9312045690550363,0.5061760840998686,1.0
0.37892191143756615,0.00038387715930902113,0.9327622014537902,0.5062093435836783,1.0
0.3790361053979473,0.0005118362124120282,0.9327622014537902,0.5062426074385596,1.0
0.37906489356122935,0.0005118362124120282,0.9340602284527518,0.5062758756653742,1.0
0.37909245236687134,0.0005118362124120282,0.9343198338525441,0.5063091482649842,1.0
0.37912898113602633,0.0005118362124120282,0.9382139148494288,0.5063424252382517,1.0
0.3791385905474784,0.0005118362124120282,0.9384735202492211,0.5063757065860391,1.0
0.3791644430554954,0.0005118362124120282,0.9439252336448598,0.5064089923092092,1.0
0.37918695496133725,0.0005118362124120282,0.9441848390446521,0.5064422824086248,1.0
0.37929595795971727,0.0005118362124120282,0.9549584631360333,0.5064755768851489,1.0
0.3793135587554757,0.0006397952655150352,0.9549584631360333,0.506508875739645,1.0
0.37932995757303184,0.0006397952655150352,0.9583333333333334,0.5065421789729765,1.0
0.3793766719070927,0.0007677543186180423,0.9583333333333334,0.5065754865860074,1.0
0.37939983788040904,0.0007677543186180423,0.9596313603322949,0.5066087985796015,1.0
0.3794036653832026,0.0008957133717210493,0.9596313603322949,0.5066421149546232,1.0
0.379513173356639,0.0008957133717210493,0.9609293873312564,0.5066754357119369,1.0
0.37960013444002316,0.0008957133717210493,0.9611889927310489,0.5067087608524072,1.0
0.3796109965682646,0.0008957133717210493,0.968717549325026,0.5067420903768993,1.0
0.37964555130756056,0.0008957133717210493,0.9689771547248183,0.5067754242862781,1.0
0.3796844130815157,0.0008957133717210493,0.9717030114226376,0.5068087625814092,1.0
0.37972351856275055,0.0010236724248240564,0.9717030114226376,0.5068421052631579,1.0
0.3797644376096074,0.0010236724248240564,0.9733904465212876,0.5068754523323903,1.0
0.37977414984462987,0.0011516314779270633,0.9733904465212876,0.5069088037899724,1.0
0.3798221606302292,0.0011516314779270633,0.9742990654205608,0.5069421596367704,1.0
0.37985485677935255,0.0011516314779270633,0.9745586708203531,0.506975519873651,1.0
0.37989647914954916,0.0011516314779270633,0.9766355140186916,0.5070088845014807,1.0
0.38006379754033376,0.0012795905310300703,0.9766355140186916,0.5070422535211268,1.0
0.3800721633307043,0.0012795905310300703,0.9784527518172378,0.5070756269334562,1.0
0.38011232164659137,0.0014075495841330773,0.9784527518172378,0.5071090047393365,1.0
0.38015448641654764,0.0014075495841330773,0.9793613707165109,0.5071423869396353,1.0
0.380186009929033,0.0015355086372360845,0.9793613707165109,0.5071757735352206,1.0
0.3801862405604875,0.0015355086372360845,0.9805295950155763,0.5072091645269603,1.0
0.3802011124008468,0.0016634676903390915,0.9805295950155763,0.507242559915723,1.0
0.38026886377592084,0.0016634676903390915,0.9837746625129803,0.507275959702377,1.0
0.38028204484946626,0.0017914267434420985,0.9837746625129803,0.5073093638877914,1.0
0.380299179569634,0.0017914267434420985,0.9842938733125649,0.507342772472835,1.0
0.3803007852262534,0.0020473448496481127,0.9842938733125649,0.5073761854583773,1.0
0.380412059955934,0.0020473448496481127,0.9884475597092419,0.5074096028452875,1.0
0.38056460086934885,0.0021753039027511195,0.9884475597092419,0.5074430246344355,1.0
0.3806070558333907,0.0021753039027511195,0.9887071651090342,0.5074764508266912,1.0
0.3807027103239774,0.002431222008957134,0.9887071651090342,0.5075098814229249,1.0
0.38085198238551315,0.002431222008957134,0.9919522326064382,0.5075433164240069,1.0
0.3809329482148808,0.0025591810620601407,0.9919522326064382,0.5075767558308077,1.0
0.3809993306927803,0.0025591810620601407,0.9922118380062306,0.5076101996441985,1.0
0.3810269568502766,0.002687140115163148,0.9922118380062306,0.5076436478650501,1.0
0.3810452465088559,0.002687140115163148,0.9935098650051921,0.507677100494234,1.0
0.38107088438672687,0.0028150991682661546,0.9935098650051921,0.5077105575326216,1.0
0.38112882618938765,0.0028150991682661546,0.9946780893042575,0.5077440189810848,1.0
0.38125005964275654,0.002943058221369162,0.9946780893042575,0.5077774848404957,1.0
0.3812517043308853,0.002943058221369162,0.9948078920041536,0.5078109551117264,1.0
0.3812949294619404,0.003071017274472169,0.9948078920041536,0.5078779088931373,1.0
0.3813058514959003,0.003071017274472169,0.9964953271028038,0.5079113924050633,1.0
0.3813064960533798,0.003198976327575176,0.9964953271028038,0.5079448803323003,1.0
0.3813135005114818,0.003198976327575176,0.9966251298026999,0.507978372675722,1.0
0.38131512859097677,0.00345489443378119,0.9966251298026999,0.5080118694362018,1.0
0.38138129327803455,0.00345489443378119,0.9967549325025961,0.5080453706146135,1.0
0.3814904801319482,0.003582853486884197,0.9967549325025961,0.5080788762118315,1.0
0.38151279344852185,0.003582853486884197,0.9968847352024922,0.5081123862287297,1.0
0.3815389378180592,0.003966730646193218,0.9968847352024922,0.5081459006661829,1.0
0.38155384973117423,0.003966730646193218,0.9971443406022845,0.508179419525066,1.0
0.38160049806332047,0.003966730646193218,0.9974039460020768,0.5082129428062537,1.0
0.38161211616516116,0.003966730646193218,0.997533748701973,0.5082464705106214,1.0
0.38161269511201185,0.004094689699296225,0.997533748701973,0.5082800026390447,1.0
0.3816333264117614,0.004094689699296225,0.9980529595015576,0.5083135391923991,1.0
0.3816502779739575,0.004222648752399232,0.9980529595015576,0.5083470801715605,1.0
0.38166624775252733,0.004222648752399232,0.9981827622014537,0.5083806255774053,1.0
0.38169083353072053,0.004350607805502239,0.9981827622014537,0.5084141754108097,1.0
0.3817005776555397,0.004350607805502239,0.9983125649013499,0.5084477296726505,1.0
0.38170089510508776,0.004862444017914268,0.9983125649013499,0.5084812883638044,1.0
0.3817044684647042,0.004862444017914268,0.9985721703011423,0.5085148514851485,1.0
0.3817100790844787,0.0049904030710172746,0.9985721703011423,0.5085484190375602,1.0
0.3817192226282389,0.0049904030710172746,0.9987019730010385,0.508581991021917,1.0
0.3817934567101412,0.005758157389635317,0.9987019730010385,0.5086155674390969,1.0
0.38179734540422666,0.005758157389635317,0.9988317757009346,0.5086491482899775,1.0
0.38184329345856394,0.0060140754958413305,0.9988317757009346,0.5086827335754375,1.0
0.38186778869018,0.0060140754958413305,0.9989615784008308,0.508716323296355,1.0
0.3819671833633066,0.006653870761356366,0.9989615784008308,0.508749917453609,1.0
0.38200287577007014,0.006653870761356366,0.9990913811007269,0.5087835160480781,1.0
0.3820146575640144,0.006781829814459373,0.9990913811007269,0.508817119080642,1.0
0.38202787675101807,0.006781829814459373,0.9992211838006231,0.5088507265521797,1.0
0.382136865730808,0.0074216250799744084,0.9992211838006231,0.508884338463571,1.0
0.38218326319039275,0.0074216250799744084,0.9993509865005192,0.5089179548156956,1.0
0.38221786089342585,0.007549584133077415,0.9993509865005192,0.5089515756094338,1.0
0.3822209949806418,0.007549584133077415,0.9994807892004154,0.508985200845666,1.0
0.3822253191096594,0.008573256557901471,0.9994807892004154,0.5090188305252725,1.0
0.38222538678685974,0.008573256557901471,0.9996105919003115,0.5090524646491345,1.0
0.38223067539825367,0.010748560460652591,0.9996105919003115,0.5090861032181325,1.0
0.3822451933033961,0.010748560460652591,0.9997403946002077,0.5091197462331483,1.0
0.3822971968603618,0.011772232885476647,0.9997403946002077,0.5091533936950631,1.0
0.3823000863185679,0.011772232885476647,0.9998701973001038,0.5091870456047588,1.0
0.3823876954125658,0.028662827895073576,0.9998701973001038,0.5092207019631172,1.0
0.38246948749382026,0.028662827895073576,1.0,0.5092543627710207,1.0
0.38248764843641075,0.03723608445297505,1.0,0.5092880280293515,1.0
0.3826331635836455,0.03749200255918106,1.0,0.5093216977389925,1.0
0.38268261737452636,0.03902751119641715,1.0,0.5093553719008265,1.0
0.38289141626071804,0.03928342930262316,1.0,0.5093890505157366,1.0
0.3829412638758603,0.07856685860524631,1.0,0.5094227335846062,1.0
0.38294648426428085,0.07882277671145234,1.0,0.509456421108319,1.0
0.3829667270003572,0.07984644913627639,1.0,0.5094901130877587,1.0
0.3830043834707117,0.0801023672424824,1.0,0.5095238095238095,1.0
0.3830861007317199,0.08253358925143954,1.0,0.5095575104173556,1.0
0.3831797051696514,0.08278950735764555,1.0,0.5095912157692817,1.0
0.38322832019231806,0.0835572616762636,1.0,0.5096249255804723,1.0
0.3834042105402565,0.0838131797824696,1.0,0.5096586398518127,1.0
0.38342243153177785,0.09737683941138836,1.0,0.5096923585841879,1.0
0.38344270416233367,0.09763275751759437,1.0,0.5097260817784836,1.0
0.3835096298863874,0.09865642994241842,1.0,0.5097598094355853,1.0
0.383519890786002,0.09891234804862443,1.0,0.509793541556379,1.0
0.38364939494610073,0.09929622520793346,1.0,0.509827278141751,1.0
0.38367991250053124,0.09955214331413947,1.0,0.5098610191925876,1.0
0.38370095686935857,0.1236084452975048,1.0,0.5098947647097757,1.0
0.3837150953589835,0.1238643634037108,1.0,0.5099285146942018,1.0
0.38383796510392054,0.1383237364043506,1.0,0.5099622691467531,1.0
0.3839256227918814,0.13857965451055662,1.0,0.5099960280683172,1.0
0.3839330872887105,0.15175943698016633,1.0,0.5100297914597816,1.0
0.38395450918636737,0.15201535508637237,1.0,0.5100635593220338,1.0
0.38396470765583834,0.163659628918746,1.0,0.5100973316559624,1.0
0.3839690399482762,0.163915547024952,1.0,0.5101311084624554,1.0
0.3840208992057792,0.1785028790786948,1.0,0.5101648897424012,1.0
0.3841216206020842,0.17875879718490084,1.0,0.5101986754966887,1.0
0.3842288703430782,0.18119001919385797,1.0,0.5102324657262071,1.0
0.38422993909269276,0.18144593730006398,1.0,0.5102662604318453,1.0
0.3842385074553385,0.25515035188739604,1.0,0.510300059614493,1.0
0.38425110125237233,0.25540626999360205,1.0,0.5103338632750397,1.0
0.38426245601677056,0.26449136276391555,1.0,0.5103676714143757,1.0
0.3842636347694979,0.26474728087012156,1.0,0.5104014840333908,1.0
0.38434625468229655,0.28317338451695456,1.0,0.5104353011329755,1.0
0.3843768992877048,0.2834293026231606,1.0,0.5104691227140207,1.0
0.3844003746397158,0.30467050543825974,1.0,0.510502948777417,1.0
0.3844045559733538,0.30492642354446575,1.0,0.5105367793240556,1.0
0.3844576637021227,0.3072296865003199,1.0,0.510570614354828,1.0
0.384526846490867,0.3074856046065259,1.0,0.5106044538706257,1.0
0.38453544274093676,0.3225847728726807,1.0,0.5106382978723404,1.0
0.38455884273550106,0.32284069097888674,1.0,0.5106721463608643,1.0
0.3845650346322353,0.32936660268714013,1.0,0.5107059993370898,1.0
0.38467490724971415,0.32962252079334614,1.0,0.5107398568019093,1.0
0.3846749264669675,0.3619961612284069,1.0,0.5107737187562156,1.0
0.38471739773758523,0.3622520793346129,1.0,0.5108075852009017,1.0
0.3847574135402342,0.37184900831733847,1.0,0.5108414561368609,1.0
0.38476086316360986,0.3721049264235445,1.0,0.5108753315649868,1.0
0.38476926133220635,0.3723608445297505,1.0,0.5109092114861729,1.0
0.38480383174674176,0.3726167626359565,1.0,0.5109430959013131,1.0
0.3848223792489213,0.37364043506078054,1.0,0.5109769848113019,1.0
0.38488508729016885,0.37389635316698655,1.0,0.5110108782170337,1.0
0.3850195970676458,0.3740243122200896,1.0,0.511044776119403,1.0
0.38504348374754915,0.3742802303262956,1.0,0.5110786785193048,1.0
0.38507138887362496,0.38426103646833015,1.0,0.5111125854176342,1.0
0.3851317133468295,0.38451695457453616,1.0,0.5111464968152867,1.0
0.3851649820426946,0.4147152911068458,1.0,0.5111804127131577,1.0
0.385187200468997,0.4149712092130518,1.0,0.5112143331121434,1.0
0.385274377600083,0.4171465131158029,1.0,0.5112482580131396,1.0
0.38529556441531826,0.41740243122200893,1.0,0.5112821874170428,1.0
0.3853269308711679,0.418554062699936,1.0,0.5113161213247495,1.0
0.38532788366786913,0.418809980806142,1.0,0.5113500597371565,1.0
0.3854257255133463,0.4328854766474728,1.0,0.5113840026551609,1.0
0.3855007951409693,0.4331413947536788,1.0,0.5114179500796601,1.0
0.3855458636154079,0.44632117722328857,1.0,0.5114519020115514,1.0
0.3855663345230413,0.4465770953294946,1.0,0.5114858584517329,1.0
0.38581517334367155,0.4484964811260397,1.0,0.5115198194011021,1.0
0.38584716356836374,0.4487523992322457,1.0,0.5115537848605578,1.0
0.3859212376425926,0.4923864363403711,1.0,0.511587754830998,1.0
0.3859349633837911,0.4926423544465771,1.0,0.5116217293133218,1.0
0.3860031846471371,0.5201535508637236,1.0,0.511655708308428,1.0
0.38606756032346995,0.5204094689699296,1.0,0.5116896918172157,1.0
0.38606800538369423,0.5297504798464492,1.0,0.5117236798405845,1.0
0.38613469034632414,0.5300063979526551,1.0,0.511757672379434,1.0
0.38618155737053445,0.5302623160588612,1.0,0.5117916694346641,1.0
0.38620651990658106,0.5305182341650672,1.0,0.5118256710071751,1.0
0.3862082354626906,0.5730006397952655,1.0,0.5118596770978673,1.0
0.3862385591015143,0.5732565579014716,1.0,0.5118936877076412,1.0
0.386351809575998,0.58042226487524,1.0,0.5119277028373979,1.0
0.3863598736070825,0.5806781829814459,1.0,0.5119617224880383,1.0
0.38636726442257047,0.5879718490083173,1.0,0.5119957466604639,1.0
0.3864892553037833,0.5882277671145234,1.0,0.5120297753555763,1.0
0.38649059145933556,0.601023672424824,1.0,0.5120638085742771,1.0
0.3865355270683333,0.6012795905310301,1.0,0.5120978463174688,1.0
0.3865364676850976,0.6038387715930902,1.0,0.5121318885860533,1.0
0.38659226286467147,0.6040946896992963,1.0,0.5121659353809334,1.0
0.3866249304261835,0.6092130518234165,1.0,0.5121999867030118,1.0
0.3867171416117632,0.6094689699296225,1.0,0.5122340425531915,1.0
0.3867739028341111,0.6153550863723608,1.0,0.5122681029323758,1.0
0.38678061288419685,0.6156110044785669,1.0,0.5123021678414683,1.0
0.3868225427238236,0.6432501599488164,1.0,0.5123362372813726,1.0
0.3869928590268888,0.6435060780550224,1.0,0.5123703112529928,1.0
0.38701787703060075,0.673064619321817,1.0,0.5124043897572331,1.0
0.3870713601147309,0.673320537428023,1.0,0.512438472794998,1.0
0.3872294120690763,0.6861164427383237,1.0,0.5124725603671921,1.0
0.38726103360848746,0.6863723608445298,1.0,0.5125066524747206,1.0
0.38727080625146104,0.692514395393474,1.0,0.5125407491184885,1.0
0.387339934590515,0.6927703134996801,1.0,0.5125748502994012,1.0
0.38752557422471984,0.7140115163147792,1.0,0.5126089560183645,1.0
0.38753933287245623,0.7142674344209853,1.0,0.5126430662762843,1.0
0.38759992829748935,0.7755598208573257,1.0,0.5126771810740667,1.0
0.38761219047568063,0.7758157389635316,1.0,0.5127113004126181,1.0
0.38763424789305206,0.8459373000639795,1.0,0.5127454242928453,1.0
0.38764944894696085,0.8461932181701856,1.0,0.512779552715655,1.0
0.3876788996949484,0.890722968650032,1.0,0.5128136856819543,1.0
0.38768813939084495,0.890978886756238,1.0,0.5128478231926508,1.0
0.38784437837702945,0.909149072296865,1.0,0.5128819652486519,1.0
0.3878650358131537,0.909404990403071,1.0,0.5129161118508655,1.0
0.38786929414488036,0.9239923224568138,1.0,0.5129502630001997,1.0
0.3879797476988234,0.9242482405630198,1.0,0.512984418697563,1.0
0.3879956363323752,0.9552143314139475,1.0,0.5130185789438636,1.0
0.3880411029898884,0.9554702495201536,1.0,0.5130527437400106,1.0
0.38807385921902715,0.9625079974408189,1.0,0.5130869130869131,1.0
0.38808366325110744,0.962763915547025,1.0,0.5131210869854802,1.0
0.3880868645698125,1.0,1.0,0.5131552654366216,1.0
